rank,id,seq,p_pass,t50_pred,slope70_pred
1,218,UUAAUUUAAAGCAGGAGGUGCUAAUAACUUUUUGCAUGUAUUAUAAAU,0.8249946655286462,70.48368055348722,0.06140138251960984
2,666,UUAUAUAUAAGACAGGAGGCGCGAAGACUUUUUGUCAUGUUUAAUAUUU,0.7569444724784531,71.11675898620038,0.046913813860750046
3,19,UUAUUUUUUAGCAGGAGGGACAAGGCACUUUUUGCAUGAUAUUAAUAA,0.8249946655286462,71.63910535541939,0.05628304481628717
4,222,AAAAUAAAUAGCAGGAGGGUAUAGCGGCUUUUUGCAUGAAAAAAUAAU,0.7747045761240429,71.89902646673971,0.04941767278549729
5,457,UUUAUUAUAAGACAGGAGGGGUAACGACUUUUUGUCAUGAUUUUAUAAA,0.7612031398010296,72.4260805291147,0.05244173530906548
6,570,AAUAAAAAAAGCAGGAGGCGCCGGGGACUUUUUGCAUGUUAUAUAAUU,0.7569444724784531,71.59393004623514,0.054972000915236
7,199,AAUUAUAAUAGCAGGAGGUAACAUGCGCCUUUUGCAUGUUUAUAAUUU,0.811493229205633,71.24143407254401,0.04761315238118668
8,629,UUUUAAUUAAGCAGGAGGUCAUCAGCGCUUUUUGCAUGAUAUUAAAAU,0.725389535837297,71.61236548710305,0.05384415258652828
9,151,UAUAUAUAUAGACAGGAGGUUUGGCAGGCUUUUUGUCAUGUAAAUUUUAA,0.7457106684542362,72.00433224038682,0.05571555701742225
10,30,AAAUUUUUUAGCAGGAGGCUCGAAGACUUUUUGCAUGAAAUUUAUAA,0.811493229205633,71.22993749479946,0.057389782453167525
11,317,UAAUUUUAAAGCAGGAGGGACAGUACUUUUUGCAUGUAUUAAUUAU,0.7956807362147168,72.55099926196594,0.048720473654901175
12,189,AUUUAAAAAAGCAGGAGGUAUGAGACGCUUUUUGCAUGUUUUUUAAAU,0.7618131868131868,71.94765213364732,0.05532986645009172
13,40,UAAUUAAAUAGCAGGAGGUUGGUGCAACUUUUUGCAUGAUUAUAUAAU,0.7569444724784531,71.12148481915276,0.060662700354661106
14,611,AAAAAUUUAAGCAGGAGGGGGCGAUACUUUUUGCAUGAAAAUUUUUU,0.8249946655286462,71.79473121118842,0.055516572723460104
15,34,AAUAAUUUAAGCAGGAGGACGCGUGGCUUUUUGCAUGAUAUUUUUUU,0.7390845360541602,71.44915067012396,0.04858033810190391
16,213,UAUUAAAAAAGCAGGAGGGAGUGAACUUUUUGCAUGUUAUUAUUAA,0.725389535837297,71.89156578986301,0.04798491563824979
17,626,UAAUAUUUUAGCAGGAGGUGUGCAGGCUUUUUGCAUGAAUAAUUUAU,0.7747045761240429,70.68629824526964,0.056232427566681134
18,446,AAUUUAUUUUGCAGGAGGGCAAGUACUUUUUGCAUGAAUUUUUAAU,0.7618131868131868,72.09376363118862,0.04779842376838294
19,560,UAUAUAUAUAGCAGGAGGGCUAAAAGACUUUUUGCAUGUUAUUAUUAU,0.8249946655286462,71.55355480751422,0.05733556043398073
20,676,UAUAUAAUAAGACAGGAGGGAGCGGGCACUUUUUGUCAUGUAAUUUUUAU,0.8249946655286462,72.3003391184378,0.05362567659198777
