rank,id,seq,p_pass,t50_pred,slope70_pred
1,218,UUAAUUUAAAGCAGGAGGUGCUAAUAACUUUUUGCAUGUAUUAUAAAU,0.8249946655286462,70.48368055348722,0.06140138251960984
2,666,UUAUAUAUAAGACAGGAGGCGCGAAGACUUUUUGUCAUGUUUAAUAUUU,0.7569444724784531,71.11675898620038,0.046913813860750046
3,19,UUAUUUUUUAGCAGGAGGGACAAGGCACUUUUUGCAUGAUAUUAAUAA,0.8249946655286462,71.63910535541939,0.05628304481628717
4,222,AAAAUAAAUAGCAGGAGGGUAUAGCGGCUUUUUGCAUGAAAAAAUAAU,0.7747045761240429,71.89902646673971,0.04941767278549729
5,457,UUUAUUAUAAGACAGGAGGGGUAACGACUUUUUGUCAUGAUUUUAUAAA,0.7612031398010296,72.4260805291147,0.05244173530906548
6,199,AAUUAUAAUAGCAGGAGGUAACAUGCGCCUUUUGCAUGUUUAUAAUUU,0.811493229205633,71.24143407254401,0.04761315238118668
7,629,UUUUAAUUAAGCAGGAGGUCAUCAGCGCUUUUUGCAUGAUAUUAAAAU,0.725389535837297,71.61236548710305,0.05384415258652828
8,151,UAUAUAUAUAGACAGGAGGUUUGGCAGGCUUUUUGUCAUGUAAAUUUUAA,0.7457106684542362,72.00433224038682,0.05571555701742225
9,30,AAAUUUUUUAGCAGGAGGCUCGAAGACUUUUUGCAUGAAAUUUAUAA,0.811493229205633,71.22993749479946,0.057389782453167525
10,189,AUUUAAAAAAGCAGGAGGUAUGAGACGCUUUUUGCAUGUUUUUUAAAU,0.7618131868131868,71.94765213364732,0.05532986645009172
11,40,UAAUUAAAUAGCAGGAGGUUGGUGCAACUUUUUGCAUGAUUAUAUAAU,0.7569444724784531,71.12148481915276,0.060662700354661106
12,611,AAAAAUUUAAGCAGGAGGGGGCGAUACUUUUUGCAUGAAAAUUUUUU,0.8249946655286462,71.79473121118842,0.055516572723460104
13,213,UAUUAAAAAAGCAGGAGGGAGUGAACUUUUUGCAUGUUAUUAUUAA,0.725389535837297,71.89156578986301,0.04798491563824979
14,626,UAAUAUUUUAGCAGGAGGUGUGCAGGCUUUUUGCAUGAAUAAUUUAU,0.7747045761240429,70.68629824526964,0.056232427566681134
15,446,AAUUUAUUUUGCAGGAGGGCAAGUACUUUUUGCAUGAAUUUUUAAU,0.7618131868131868,72.09376363118862,0.04779842376838294
16,560,UAUAUAUAUAGCAGGAGGGCUAAAAGACUUUUUGCAUGUUAUUAUUAU,0.8249946655286462,71.55355480751422,0.05733556043398073
17,676,UAUAUAAUAAGACAGGAGGGAGCGGGCACUUUUUGUCAUGUAAUUUUUAU,0.8249946655286462,72.3003391184378,0.05362567659198777
18,35,AUUUAAUAUAGCAGGAGGCCGCGGAACUUUCUGCAUGUUUUAAAUAU,0.6509101075907998,71.71558410092057,0.04602442842024719
19,119,AUUAUUAUAAGCAGGAGGUACGAGGCACUUUUUGCAUGUUAUUUAUAA,0.6688011116790187,72.01255995472414,0.055682881180946435
20,436,AUAUUUUAUAGCAGGAGGCACUGCAGACCUUUUGCAUGUAUAUAUAUA,0.6509101075907998,70.19526467999165,0.056860353685766335
