rank,id,seq,p_pass,t50_pred,slope70_pred
1,218,UUAAUUUAAAGCAGGAGGUGCUAAUAACUUUUUGCAUGUAUUAUAAAU,0.8249946655286462,70.48368055348722,0.06140138251960984
2,86,AUAUAAAUAAGACAGGAGGUAAGUGGCGCUUUUUGUCAUGUAUUUAUUUA,0.8249946655286462,71.29400846592965,0.054175264081184976
3,589,UAAUUAAAUAGCAGGAGGGGCAAUGAACUUUUUGCAUGAUAUUUAAAU,0.8249946655286462,71.51417882624133,0.05324650252197866
4,495,UAUUUUUAAAGCAGGAGGGGCGACGACUUUUUGCAUGAAUUUUAAAA,0.8249946655286462,71.53774693598534,0.05530613417909536
5,560,UAUAUAUAUAGCAGGAGGGCUAAAAGACUUUUUGCAUGUUAUUAUUAU,0.8249946655286462,71.55355480751422,0.05733556043398073
6,19,UUAUUUUUUAGCAGGAGGGACAAGGCACUUUUUGCAUGAUAUUAAUAA,0.8249946655286462,71.63910535541939,0.05628304481628717
7,544,AUUAAUAUAAGCAGGAGGUAACAGCAACUUUUUGCAUGUAUAUUUAAU,0.8249946655286462,71.74629428447429,0.056005291392667494
8,611,AAAAAUUUAAGCAGGAGGGGGCGAUACUUUUUGCAUGAAAAUUUUUU,0.8249946655286462,71.79473121118842,0.055516572723460104
9,676,UAUAUAAUAAGACAGGAGGGAGCGGGCACUUUUUGUCAUGUAAUUUUUAU,0.8249946655286462,72.3003391184378,0.05362567659198777
10,601,AUUUUUUAAAGCAGGAGGGGACGAGACUUUUUGCAUGAUAUUAUAAU,0.8249946655286462,72.35378916183416,0.05522434867013093
11,53,UAUUUAUAAAGCAGGAGGGCAAAAACUUUUUGCAUGUAAAUAUUUU,0.811493229205633,70.56170216151553,0.05089667203708032
12,30,AAAUUUUUUAGCAGGAGGCUCGAAGACUUUUUGCAUGAAAUUUAUAA,0.811493229205633,71.22993749479946,0.057389782453167525
13,199,AAUUAUAAUAGCAGGAGGUAACAUGCGCCUUUUGCAUGUUUAUAAUUU,0.811493229205633,71.24143407254401,0.04761315238118668
14,616,UUAUAUUAUAGCAGGAGGGCGGAGACUUUUUGCAUGAUUUUAAAUU,0.811493229205633,71.69220793018471,0.052101574261365136
15,494,AAUUUAUAAAGCAGGAGGUUAUAAGCGCUUUUUGCAUGUUUUAAAAAA,0.811493229205633,72.06145937064406,0.050295783613511426
16,285,UUAUAAAAAAGCAGGAGGGGAAAUGACUUUUUGCAUGAAAAAAUUUA,0.811493229205633,72.06651709186148,0.05394846819615364
17,413,AUUUUUAAUAGACAGGAGGGGGACAAACUUUUUGUCAUGAUAAAAUAAU,0.7956807362147168,71.71999816354818,0.054068517769280004
18,138,UUUAUAUAAAGCAGGAGGGCGUAAAAUCUUUUUGCAUGAUAAAAUUAA,0.7956807362147168,72.00655681454339,0.05121205691271162
19,519,AUAAAAAUUAGCAGGAGGCGAAAGACUUUUUGCAUGAUUUUUUUAU,0.7747045761240429,70.59969814174296,0.049857814915022655
20,626,UAAUAUUUUAGCAGGAGGUGUGCAGGCUUUUUGCAUGAAUAAUUUAU,0.7747045761240429,70.68629824526964,0.056232427566681134
